x0,x1,x2,x3,x4,x5,x6,y
3174.0901223555597,3068.096520998733,66.04820576636646,88.04157243266236,518895.539006336,-1.91655787870177,2.3307106894502656,1.1982410884255976e+40
6902.381933036316,5474.60664060673,-248.3552674412964,-219.37511593360665,661364.7008024198,0.7956106627228209,-2.1020398359898294,1.517191785804859e+40
28095.971037875755,23137.39132515873,-161.85836988277694,-123.0831590900287,659235.9106090373,1.0643701624194226,0.6373547406690422,-7.213857970779895e+39
34210.74519817064,29225.316686880487,51.38471494560293,33.64810526507303,894826.7862277972,-0.6587001661757365,-0.6962473294452859,1.7445553479690955e+40
2559.4237422192023,1351.8390584806943,34.76800077867042,36.69654988950967,966655.9055183775,2.6292371178912264,1.88218029367302,-3.305804351096788e+40
9342.647499297003,8803.988395540524,-184.28102817928232,-145.6444035720558,891788.0632262896,0.1963489640620575,0.2528060652952868,1.622026656750657e+40
16008.5370321744,13515.63856807695,-37.04777991051214,-50.01026583925231,623973.2097534569,-2.192769042508541,-0.7937954650871212,-9.295508925015848e+38
16043.073595314678,13375.70446825351,52.90074396193557,29.838427545806205,213706.51304521775,0.3812719979337539,-0.2664947122195833,7.676984898407586e+39
47923.67814776381,41104.86692379941,-11.861254592555545,-30.52081289698382,944016.6475782276,-0.7198600299893989,-0.7139314586655916,2.170597527895421e+41
10252.228249285736,8653.302412347502,-58.03269204182685,-57.97572757191304,183111.79081963343,1.164995273929518,-0.3057769785700788,8.619334092958936e+39
3201.015845997116,1394.4220956293914,-245.78105225383948,-226.2538578612812,159913.10868536052,0.5479440333912979,-0.3286476158895048,-1.4454575351718453e+39
17702.500279270967,14197.981317868776,-271.72216446738025,-247.34216086716165,324393.6346263807,-0.597922072276191,-0.7511558687010546,3.324722630327121e+39
6791.343193801599,6618.808677823052,-79.73069250959152,-31.66910085035936,577869.5057249053,1.502451918262896,0.270063811582624,5.3572891464766226e+39
6398.971699578593,5506.233422917469,-110.90003447756406,-82.62818346459343,684657.9056659462,0.9394513059793104,0.3912241634067323,9.723846006584095e+39
20419.937002967046,16011.692210631236,-209.673523982854,-203.41440372635532,23159.750572179637,-0.8279199876821015,-0.9963063912759672,-4.644677916698606e+39
15375.045671357437,13350.478474025957,-174.9410352907307,-164.84233273894577,780242.0490025526,-0.1520450805608476,-1.6582687630439978,4.6311037749998315e+39
4659.000665675547,3512.7435099284157,-166.15107191949377,-128.6226314454879,183269.3535963697,0.5169167907640803,0.3109564521495716,5.3112363838211996e+39
30246.82719701827,25010.2031554585,-114.9401855705551,-104.80277697496948,303520.002997891,-0.3642632627726218,0.5319205511195337,-8.489631456875835e+39
25124.852319735877,20440.226291268416,-142.1771719419318,-135.45082268453658,328865.858537695,-0.334399403847255,0.7302167619612338,-1.093923356232593e+40
3928.815474049165,4139.43672999674,-155.53791991789467,-135.4835510822042,339121.53890975507,0.0367250282644841,0.5511743815941278,7.151089492750439e+39
43148.20414278608,35103.57482376389,-257.6237295881885,-244.09381132049637,762763.9261873766,-1.0657985840373894,1.5727167757369898,9.945423589564372e+40
14292.87586595965,11478.91882651411,20.52710590146234,14.160566749606277,50534.91858015777,-2.232765338576968,0.9970678869312632,9.574921685535383e+39
48072.1287845632,40957.41087960771,-77.20060012998243,-61.04281419468244,204552.64020839636,0.2391348623320376,2.679828196415576,2.118225053079839e+41
46582.40853721178,40857.73771175281,-259.3802043471047,-219.3020115185779,32096.03884092368,-1.9888999492951855,3.1006471968329445,1.8277627869339264e+41
21750.10358084014,18930.674600794373,-144.80919769329353,-132.88355529509894,780516.4621446485,-0.9930387031447206,-1.7581025876447136,-9.032942723048939e+39
11490.06166668168,9089.732724253185,-150.3962256937288,-136.1770081260871,983885.1149814724,-1.7715823589485722,-2.1971386312358456,3.4071184511939706e+39
41755.84740950871,36715.95306136785,-72.02099726185503,-66.56656963471252,662951.6876738986,-1.6484444477613032,-0.0073912978467148,1.0558223344790762e+41
18115.389213792543,14313.982111959682,-76.14863007234251,-54.001046477824666,594237.7891096232,0.4263551741192916,0.5042324298803218,2.597674981668597e+38
8244.450677991208,7220.05200857665,-59.94276010203788,-51.26028670895354,908985.5512546176,-0.2223081650600733,-0.0758850090057223,1.0809676276829537e+40
27616.257173681544,23864.046314231084,-39.81028746850205,-16.346071585280207,262404.4464998479,-0.2584004554681235,0.7035804460577602,-1.246288621995204e+40
24510.969939647188,20129.43198213976,-261.3174920215548,-241.79715898353425,75797.68208662517,-1.3159017836240094,-0.2702420753983752,-9.546086508692798e+39
42512.8925103927,36694.0330753444,-188.96758623471575,-164.33436935058108,514870.2059224936,-0.6558490888385612,-0.6939507634141234,1.112838735414288e+41
36485.726481579455,30601.755406189768,-301.93681307222687,-267.64122620849696,267745.21614209044,0.3764551592101874,-0.5428908598510445,2.4287061376316005e+40
43816.88318289074,37800.46464747151,-127.45937688203254,-109.45134812612262,456570.798534093,-0.0520872653065006,-0.200168369064204,1.3055948632744768e+41
36756.36938637773,29771.237584352104,-129.13556485003448,-131.72376634438822,461736.8520759912,0.8226740610419853,0.8435123440601495,1.9674812845649061e+40
32137.374035538025,27584.74880239042,-21.396690825830863,-0.9080008130037988,325643.5058273887,0.9650920121259146,-0.4867406966658302,8.376140173296455e+38
25048.84344166848,20961.83158726332,-241.70835768813745,-230.05293879476568,491461.3357672229,-0.2522198582582108,-0.2889687029167053,-8.488048140653437e+39
49378.66021166266,42891.62420628752,-62.28026644730588,-38.01078328909873,386350.3617444027,-1.852249285920492,0.5702168440443536,2.6227166989939943e+41
47961.508014088606,40732.09722815856,-200.4746553452548,-164.7627491730739,121928.74341405796,-0.7566448990662162,-0.1987963975451896,2.1324918674953725e+41
42454.740838264624,37085.91333950102,-156.75079451824462,-134.5477694522712,868058.4503317222,-0.0976892808726917,1.1167105506453896,1.1160122136173181e+41
38783.93515217355,33372.43509137396,-31.31240097631412,-11.953360390311724,704260.9772859238,-0.7764870520041143,-0.9195062322350612,5.355204415124595e+40
28911.772741916124,24473.000063390176,-280.42252050324066,-237.082738923609,50895.77634984214,-1.0546242113337532,-1.136363756465487,-3.843127333073885e+39
13046.887757468245,11719.990041539442,-176.4448548026763,-160.68553006354915,124628.56101859327,0.0697522842234861,0.3046290340183425,8.038578516881179e+39
43781.9162322312,37849.87556901822,-155.36169501952878,-130.8709415538644,105549.32600490378,2.430303102733281,0.4042884622647964,1.385057299714427e+41
619.9414531575692,904.4782387769048,-21.507093912017275,-7.827344381716117,71126.1115387394,-0.4881880620363751,-0.8649594940834129,-1.0465094397475773e+40
11433.803142353145,7884.891571300026,-215.9566877690344,-211.09677111455585,68466.20808214221,-0.0028058524917748,1.3435954013274256,1.3456254887201279e+40
20234.323658616733,16413.126717212705,50.697110322532566,73.49418556543532,165541.2096068383,-1.3120358772309886,1.924936809770226,-3.686775275073464e+38
29340.965189284874,26047.10508809688,73.00939917024465,73.29564120025826,849390.7144446288,1.2434010550415135,-0.6278542128407156,-3.699053198090709e+39
28079.09567238897,22862.47463718241,5.607313571672263,4.2609521877802266,829950.963236194,0.8747430433514232,1.4873006727311908,-8.067310039277118e+39
8856.726053153412,8234.186065233045,-180.2323103223854,-176.9707008481903,785315.0105256013,0.8057341394659173,-2.3821321720007225,9.072641191980397e+39
5311.526134691507,5079.959339911516,-47.89435233940801,-46.3854350284976,618559.441473187,1.359795811304745,1.076112266718025,3.9118357184410145e+39
11178.660065057162,8921.259166032964,-267.827725117053,-261.26582292706814,726258.6176814982,-0.4273413546948073,-0.8577627711284175,1.7875539758512676e+40
17487.542741712463,13268.226028762212,33.63368224443056,22.256778512767063,741096.398731903,-0.3024178198456219,0.9760726819721396,6.401297063305395e+39
781.5601009707036,209.1960074667568,-109.726001930904,-97.088497635811,890419.7416045906,1.7098785318866498,-0.9612759859566656,-7.593298648420657e+39
34647.3945618488,31112.69741247789,-222.39490253628853,-220.7195321091331,735019.599339408,0.6327281029445585,-0.0684875346267952,2.38279674534561e+40
12446.553592015573,9888.948719445752,-176.25049774503802,-151.13443448806518,739094.7149407559,-2.219221821344161,-0.8101155965418396,3.341154043314094e+39
17622.109472494252,14343.387175940696,-4.166542153080837,0.2250187969151498,806040.3609863489,0.4548209756370096,-0.2138806977820808,7.683169523659205e+38
16798.292393948264,13480.482606608164,27.10859613704081,19.6932008325369,560791.3073683556,-0.5816980607695965,1.8299240289304448,6.653752784997662e+39
25630.543659855808,22757.78969211705,-93.69291314512496,-96.44684511559456,220898.50214218316,0.8981718246566575,-0.1079377965934061,-1.0357391036887057e+40
43001.20212696298,36356.68923861844,-121.84338997043574,-103.04695286115052,93697.05279336772,0.4081904694201736,2.110301623925836,1.076695457256749e+41
7537.546478996616,5906.189523987813,-8.625803410509327,-13.86782711791124,424853.1247780799,-1.740542764022799,-0.3858125610928363,9.368979681383193e+39
17089.097492505,15656.51208238553,7.296910969841555,4.059958699936579,100768.81496920194,0.2688301704954774,1.491764703806802,1.1369435800772156e+39
34626.078081970634,29895.761640023466,-17.013214488598265,-8.542579682537395,177610.99123878786,0.2106277272516075,-1.625692606512803,1.898475066115699e+40
2288.032150959404,1209.395134947286,-149.40941772671516,-139.72433688598514,33601.61164481065,0.3634624864647865,-0.2865090553781911,-5.707876012474817e+39
41512.533467298206,34306.786318354054,-64.3438425968432,-63.01149813199767,307204.2281261448,0.5755288519133087,-0.5361099853253575,6.620149921399549e+40
48094.31101363153,41806.70033349078,30.662367327704214,18.78879385869698,970297.844177998,1.4959659598217314,1.537705600797142,2.3042754085730587e+41
30413.249152892982,25864.692310952407,-239.82147233788865,-212.577649592859,385141.95993776654,0.4138889896142984,0.1852487860360741,-4.5685806501381224e+39
47828.897881853605,39415.31198369067,-160.2730845022847,-132.23451712492448,248483.6799905705,0.0228984604744644,-2.0880831696474957,1.7285684246230387e+41
20700.046525232847,16168.54699693308,-279.1696038471046,-253.0378990296689,409414.9823668492,1.1479675541882248,-1.3101296547235624,-2.190004138874311e+39
20798.383994304437,16785.795422998963,-149.83458033463916,-124.1322194612868,308325.13500461064,2.242740723589768,-1.0126622493794006,-5.119812341809133e+39
5383.945557918798,3584.7660537485544,-5.285559825398238,-17.069190020721862,677138.0546990772,0.9150707541680893,0.9340502941121688,5.020561056395463e+38
1849.5109951885036,-64.77723081092131,-210.4208624254846,-212.4608019285484,638122.0935474898,0.2062061268080901,0.8050074836562757,-1.5539845919604517e+40
12285.655561275931,9563.201637765744,-98.13229369808236,-88.1625408204215,37069.47869279124,0.4325305497689186,-0.3003994329611197,9.678177883677941e+39
23948.18256248929,19620.69072880081,-281.9003825756813,-242.5778721290231,516209.92424871726,0.256043759398258,-0.5485097936175729,-9.867388632125876e+39
25423.50495187542,21239.834178386453,39.50722162990694,37.01304311229219,45837.69079868276,0.0185184152733273,0.7163882408500528,-8.436451335678792e+39
10941.363056532353,10654.486634154668,10.154236296876052,6.211939108475828,680589.6337501322,2.1651708315063805,-1.1295230924319606,5.645257017399487e+39
30671.259279098464,25857.095769555075,-103.09496647034128,-76.15461294197371,936450.247320986,-0.7490533743164325,0.4576689779503528,-7.149470773490016e+39
9125.797271932324,7622.867810947104,-40.071855093415415,-32.760648322378074,908412.9999401448,1.1549058282426994,0.3725179968702329,9.881192965514833e+39
16364.46012223348,14317.195394937611,-258.0385700853117,-212.30038833875423,213654.99097001727,-0.1258569427005737,-0.2745895930667648,9.512920097844105e+38
9849.818998251229,8182.491691660295,17.179255638850975,12.427439438178022,745218.6962441794,-1.480419170138724,0.3976779650457155,1.2208731140558064e+40
34857.446911507664,29948.95224589088,-36.86954192478025,-36.78531442189641,795135.3113301595,-0.1883177435865066,0.1020943530746843,1.6988859328389852e+40
25867.299610457805,22211.69657045052,-246.5389379399332,-230.8507113826464,865723.8577782904,-0.5467758337539146,0.4974194947565403,-8.756268938697636e+39
36826.16686570497,31400.312688328617,71.49262675651667,61.13965218903796,267002.68409251585,0.5775773184176594,-1.3341023084800938,3.4744859326415237e+40
2937.8286260151526,4710.327199648047,-293.3082837487091,-270.41234264445967,456326.49751243845,0.0913002226585707,0.6145019805287018,9.503688195753168e+39
21314.07504533826,18845.864463773,-51.7024410219612,-30.160863764354065,229289.3847462245,-1.0220268636479688,1.0266013295022722,-1.2696676847779672e+40
48350.57226275252,40232.608835574254,-249.76526351623525,-208.38268443072164,34066.36263907947,1.4710079134897154,0.3209514205644448,2.05111644250676e+41
2756.6861741416715,2639.360996971752,-17.938042165182434,-20.66605199879779,662422.5015863077,1.0901340044757244,0.6012158509915,-2.7855532721186706e+39
20965.46418962243,17187.25511585129,-280.4279395928913,-250.66658507119064,437148.9817142141,1.5860555320964014,-0.1099193174097625,-7.047931193052821e+39
2096.679085272578,2139.1778337295746,-267.65160596997794,-248.1861735042232,255635.71175793163,0.2369646640681163,0.8913325662630432,8.188067447363384e+37
7400.933782862335,5190.643781746368,-128.4462321001017,-101.1119663032454,848632.9078266158,-0.0357330682806904,0.0652471279798545,1.0795160726904157e+40
23169.32046252673,18807.698834680537,68.35156959830371,51.40360240383318,500723.83357941086,0.703560482618621,-1.1479412824546105,-3.192410620480908e+39
7943.068812387905,7026.734540521821,-184.9657691589464,-187.35781995792811,994711.1004404648,-0.5774750209209021,0.8202161548832603,1.0763727829541794e+40
25976.27081419505,22877.965482944208,-53.61462269487218,-64.09100476670656,795424.2486695774,0.1300595547198361,-1.6341462475077724,-1.0885304908186087e+40
46142.76560388188,39623.466242302,-105.73935509174764,-80.06212184154198,870519.0877385606,-0.1756778993213652,0.2827797442883831,1.7431117809467127e+41
10084.345305215542,9254.987377061385,21.005010065419736,12.743921473384102,775598.926309695,-1.4610343171899207,-0.3842228500469793,1.1027486401604223e+40
5430.750564832913,4915.192827119054,-190.45719827414948,-167.66029988596256,114865.6499611154,0.1274555048390723,-0.4481257497047118,8.010191292219468e+39
41277.80597418896,35224.13195728648,-76.38696939223536,-80.93063488807147,74378.71064713396,-0.440966891743302,0.1719887499262052,7.845486692446111e+40
23056.67078289466,19195.215546053714,42.43048513013008,66.36470396815061,915927.9848883188,-0.2425521640183039,-0.7092881908179942,-1.632975914391019e+40
44139.94605429936,38169.3555931279,-171.26557691880848,-172.70153818620244,146815.21615940405,0.3637849456499545,0.5122060141278323,1.336548684185288e+41
15361.674869696131,13877.327025503024,-139.72170077790304,-113.15458920104864,397313.88916751766,1.2725331339866257,0.056796632622002,1.245340617924861e+39
31406.397698939512,26644.945491034763,17.123720710618343,30.385300296723024,613811.9014403715,-0.8487700905479784,-0.617293951412198,-3.1766952155980974e+39
46171.81263073908,39152.49990270528,-177.19967274480888,-147.6350468296434,219779.3664029757,-0.3365582151293569,1.3381795700463186,1.6687092887844896e+41
8651.054308439463,8626.520811551332,-141.3209266411333,-148.6876063325791,233032.19327069903,-0.7650826963598107,0.2047826102994981,9.670000745831956e+39
40052.369680525735,34028.176804593895,-190.29148376743325,-166.29485052117866,471578.92886846274,-0.8301805877989914,0.6308009334244812,6.405517692179725e+40
31605.316152268755,26925.067425721216,12.328983925394423,4.377506776462943,367286.1405453279,-0.5945689436497724,1.4165887294944215,-9.536894235227854e+38
40662.301491782506,34950.33699421745,61.27565240198771,36.49329262972858,679809.9103496063,-0.1964502828151946,1.4001785357943723,8.057227139867466e+40
8601.01178005916,7232.615008286963,-61.54619752886583,-68.10429092658832,84325.43356542122,0.5858716568775042,0.5797854538561881,1.0703524173604837e+40
21749.596599223656,17830.88485114563,-63.30416543656102,-63.64514296409765,493871.0827830415,0.3204457647848381,-0.3026582010098043,-6.499640983295576e+39
6511.554445569477,5837.193739152873,-166.3090150007487,-136.02145728362785,182517.31853836175,-1.0568569990832497,-1.4297037875372114,7.251587973728585e+39
48007.29883062941,40775.19999801714,-301.01045356735546,-273.3221506388218,610657.7589107406,1.294160323917153,0.206690700479746,2.005051166342039e+41
3209.570810169913,4201.934993824023,-226.99552665004933,-214.12716451049852,125051.1588427397,0.944412306477038,1.0945843158173858,6.07530690587274e+39
3348.9312278798634,3477.350383931785,-243.78286918859484,-238.699445313238,205655.54786411952,-0.9011856506097036,0.3543148193932852,6.4193983761647e+39
44915.95711371058,37702.17771749959,-253.25787140512264,-234.2834418478422,805850.0930148803,1.2241108919195605,-3.444584049767897,1.010985088511094e+41
15094.046435032737,13413.187645130123,-51.70485389435217,-37.25723661238485,242815.32013763365,0.3269384125962762,0.8700621548264672,3.2209125461202803e+39
29883.24003972973,25647.046701555053,-230.92406444833304,-216.56228314273324,739694.6854058874,-0.1564553029252464,0.931499154775742,-5.1677018893410824e+39
14430.778403052756,13313.702684151252,-271.074524590629,-241.7365487172796,280332.07269130903,0.3580800444793122,-0.3012221937263136,2.9164353927465155e+39
32466.01811132637,27176.552024364184,-142.5409101757271,-137.4092442175142,242677.2301814928,-0.0257707956255219,0.9883616752535224,-4.4044036583551935e+38
9688.070913959758,8385.801195553415,-204.8014076204805,-193.56509401426248,306163.23505245475,0.5450786544814065,0.6279654143933764,1.1612591697271944e+40
22986.763345929347,19459.47392476595,-231.3111219529901,-204.1338555417589,882122.664578521,0.1873155231311672,-0.6855067922820294,-7.900828245840776e+39
26711.929365037293,22751.923498728334,-254.5634877529265,-199.60967166983613,403194.0027433607,-0.3374260522722028,1.2713011162176846,-9.399731736133366e+39
16735.45308313353,13516.97596146034,-201.67702517506763,-181.19058224544332,251322.92458513397,-2.0258267591613834,-1.2674769231061138,-3.325521978061547e+39
12644.894514546086,11208.889671694713,-100.22028371524412,-61.45685213885579,541273.078959944,0.5271825406319262,-0.0572446710389354,7.064082256589062e+39
7079.116850147143,6351.620743304669,-12.324084478706691,-18.89770056430973,391784.99766728433,-0.3736552783867337,-0.1570023127720852,1.1275540675953345e+40
35330.72526849136,31059.29537175509,32.12858125063772,7.603821633688303,792295.5445739465,0.7779466096452462,-0.8254381521887809,3.2120071206531987e+40
8480.673182441607,7200.551523485941,-12.933575955851085,-21.463885059784364,990541.1621298974,0.4816750622757203,0.303793867648965,8.524387481186288e+39
14662.94944811218,12134.035424296844,-52.77232631160797,-58.47675169939104,531308.6982391754,-0.3476642111560092,1.3103688995730578,5.474826656797946e+39
16898.48552965655,14995.148202563298,37.72032155617307,61.89454678415781,457231.4086763208,1.022988191077335,1.247741871861388,-5.3636746623159115e+39
22761.99050522513,18712.328424161613,-110.12216422664298,-95.99713098386754,349605.04433074675,0.204841661836571,0.7236642147419157,-8.550228339044021e+39
35152.22948153934,30747.382687375604,-60.46227357220654,-63.128560869614425,973605.3449474364,0.1636428473780872,-1.6959225068802954,1.9224353623006039e+40
21443.02112191297,19092.84155155699,-144.71664940168245,-138.95127737287277,488450.4432446352,-0.1381106867631423,-1.3359523008771192,-8.059736968769155e+39
43564.99358205933,38036.06766565795,-177.73564701767154,-147.2236737399374,186216.8913366889,1.6835557122397975,0.1661691197587684,1.3846705626481651e+41
34014.89947927961,29213.96294513126,-182.2820011690117,-147.17863514419125,969523.7463308292,-0.7132667290956584,-0.0342350410835411,1.1503068170937334e+40
41937.25686921859,35257.47123275758,-234.34685479393823,-224.3972426250141,961273.3047393634,-0.3226745374590551,-0.4980798274983152,8.286283378574941e+40
35840.389749640555,30551.681468238763,-1.7887856503520698,-17.755320401527307,441367.8018117258,-1.2373351450799963,1.905323197454832,2.041098527467256e+40
7499.699447868013,6678.799646751177,-267.66223914421903,-262.4497131568213,354704.1529026276,0.7267310773245059,0.1058601531711412,1.2687430268515409e+40
48898.13090905538,41115.297956546776,-44.867030935378985,-23.25964169631488,683633.072221749,-0.5821490063576735,0.5424127411908184,2.2211129669850794e+41
39346.38638715681,34510.92146022346,31.95338433891188,30.97743644865428,830634.8894777538,-0.4700355817263217,0.987893880948446,6.576633044248984e+40
28670.2706902099,24833.79742073325,-107.51040769582173,-100.12026259999502,503546.8109606922,-0.5169366321571809,0.0549584496724596,-9.133207168600786e+39
8328.328561647259,6365.300913142565,-280.05830238670086,-227.42936228599407,337504.8611425031,0.0627219160623878,2.5910621679123693,1.365830536210756e+40
8700.217977062406,8901.484221675666,-135.12057612883532,-104.66911682301456,308380.0707543833,-1.250759584659146,-0.9403723024357036,6.241928839284479e+39
30747.41224901827,26213.21183180167,-154.8336805547349,-153.59370571903756,333332.7399422739,-2.243245266102261,-0.6060715898941221,-6.848266755457512e+39
20856.560879460405,16852.794313261355,74.54676071998769,65.10475882034969,126852.61072118596,0.4577040373927719,-0.9428257182825068,-2.845901167708339e+39
33818.90626571608,28081.867027660843,-31.491539871561617,-40.65204523035588,780834.2319916566,-2.1135577062037103,1.5626582864273035,7.260297639095712e+39
18671.59202699316,17061.08010067646,-21.77981901793081,-27.43942727205281,113910.26488394508,0.8541377839773792,0.8020858742186469,-3.44582650407687e+39
25681.230959113214,23289.03424821969,-102.5610273653568,-109.37893192705025,404331.34998451424,1.5585277495351475,-0.5441519127185926,-9.18475879187071e+39
9462.865255160985,8851.023509671571,-30.349582079089544,-43.56113440063936,836593.9037694563,-0.1642238039350332,-0.8638763749547805,1.0370242535694786e+40
7827.641123147823,7708.941873545358,-22.489646326050043,-41.40794240817742,410064.8367349809,1.2994929467204897,1.3848905006026038,7.448019833934624e+39
3856.1866038286503,4251.050980293242,-268.81008270616746,-236.58133870098072,301814.17994669284,-0.0242564195432191,0.3616877153388594,7.293972878152066e+39
40996.39410053573,35292.46790766663,-226.6720462040004,-209.88328260195823,948771.1865652346,1.5992411590778703,1.410417968616338,8.343327318871671e+40
27804.88167885669,23897.382857276927,-293.11984093510944,-246.08881465603145,135278.3159976805,-0.4562178521132108,-0.0601493507815565,-8.031844669385382e+39
47361.280712140586,40688.97916090079,-108.76542360497837,-103.86729941509392,886005.3637566295,-2.3648818094311217,0.5115353224335996,2.0477942422915026e+41
37494.35516545766,32459.014245153645,27.92013037880437,45.3206096830416,71456.03074943656,-0.079911744106502,0.3002276552440028,4.077620744755012e+40
38456.65695965474,32094.880010485413,-59.22067085293729,-66.28009072530404,419394.1187240442,1.7079631934107389,-0.624111334374069,3.803843770490102e+40
25492.19703511501,22253.934463297446,-116.78672447319668,-115.49126674902205,635403.8449428884,0.534968305940418,-0.1441441588090092,-1.007915689019049e+40
40787.460511360485,35836.23491249402,38.85693791434189,57.85137033779441,376338.0003002641,-0.515323228537844,-1.1843033442983446,9.604307297593605e+40
47107.80719006574,39876.53816889265,-228.5356730306902,-197.39260627406708,539260.3567518438,0.3289011692847317,0.4941068237272433,1.8545304618750193e+41
36109.27339658505,30442.28415883985,-283.1627223688259,-253.6801243674254,211961.6499213104,0.9711248384525528,0.7612487463468598,2.422282579793596e+40
5350.999929079107,4929.586987108174,31.318023739204783,38.75088886061146,573344.1722921684,-0.0856164389144708,0.9901612001053196,9.571885485747839e+39
32578.911373935032,27172.348627518262,48.517644879231135,28.06839365777049,143213.12973024577,2.62639008534238,0.6665448931710057,6.336060821761063e+39
6092.02595507531,4124.7671685120085,-40.56662220700522,-38.8580271349318,798135.3529286806,-0.5174179565194872,-0.1282101365030248,6.472715625920271e+39
3934.9433271398975,4262.877060153056,-203.23811970874212,-185.23959758051456,587952.0143077085,1.0025107220447482,1.551970645076985,5.517532071503393e+39
34669.588223387625,29108.38898186073,63.031380740015145,56.39989061327263,487112.793670664,0.7619372364817996,0.8923084877295449,1.5974653706675633e+40
41752.488761648005,35504.37431037697,-21.77432807102565,-27.818085070246678,64120.127874750506,-0.6998274246980576,1.388546301657105,8.18341147256966e+40
8009.3672172099805,6319.862101822031,-54.75414511393639,-46.54985581539577,504776.5925575551,-0.4244402673476728,1.4512867044703506,1.0387540466484617e+40
3781.498509664953,4235.677585145609,-217.917030717611,-187.13037993440423,567933.736057628,1.0180986474793647,-0.1255996553068908,5.3987337393624336e+39
44335.22287806683,38367.48037298401,-116.23151598602664,-97.53605923637323,273010.83827309293,0.1447878876042412,0.387879456893237,1.417748100324053e+41
6679.890102584175,5485.314954273588,13.390242466631165,6.566031013622286,680814.4374991397,0.3380717267272727,0.7745651834974777,9.134435421144954e+39
1831.4977996873597,612.8552379240539,21.47870144452878,13.352763003616069,85997.49722638537,-1.6359673537043573,-1.149141787534425,-1.1202475911923783e+40
36075.03408882313,30386.2351316131,-86.29912784819825,-85.10198829638479,216602.1906340108,0.6559986551621014,-1.1269731723787997,1.9563258890135143e+40
42397.96046043952,36494.38855133336,-101.14274204830669,-78.05605330088673,740173.0321509929,0.2872968440825678,-1.299311645995077,1.021263523320266e+41
25762.509205894177,22049.04138827386,-33.18111646431567,-44.04573417776177,155749.99673676392,-0.0639100226411535,-0.1081000885198898,-1.1642296151258913e+40
27033.06818516189,23065.3863929492,-96.32607663157326,-83.08151219804442,253093.33142638995,0.3608918630590762,-0.3333170592115979,-1.1205217004123722e+40
16896.07679535074,14531.024283623976,-144.86777233741412,-127.4343586410269,654346.7944253404,-0.4092177071242496,-1.4356706282952385,1.0697144252651872e+39
11984.08288740233,10793.507439490508,-266.2398595485104,-238.49234568220896,731553.2867730012,-0.5919025038834741,0.1493582276986776,1.281290937503336e+40
37781.18494316526,32080.519838438435,-250.4651575521493,-234.44146313170583,60974.36207719769,-0.2418855316391098,-0.0956189167165922,4.2071671352640395e+40
42476.277653402445,36464.84676575968,-32.04699549289464,-14.872059378612118,135323.5191196929,-0.4642031783182975,1.182240170076993,9.950470287261486e+40
16116.53832760662,12909.522212269549,-285.5047776051507,-261.6664870165436,451656.82578483,2.1805295610432003,2.012979079132458,-1.5457130574919742e+39
13749.053708992516,13729.7762742239,-279.0291626787419,-257.4124998697455,596866.9953838744,0.9118707288435896,0.4564503404142326,2.837766028048152e+39
13448.1626396889,11203.850788282562,46.46766343861441,41.07406630536475,459243.4220021547,-0.968468923971701,-0.6966305213662353,1.1392212284242058e+40
2605.7232676760177,2377.7391838317967,-44.18383987770724,-25.92579184148552,650599.2928836404,2.0362960022608423,0.6467243773470688,-9.234198899291625e+39
14111.265240031822,12447.747873856017,-300.9337765177519,-246.8397657686083,758432.9774567394,-0.4328566114363127,0.009302923320473,7.158258055355603e+39
1360.4937750927302,827.787298908388,-190.77984014638275,-161.06094375084857,950048.4090328232,0.0294553674642845,-0.2401252537814983,-1.6004244895555137e+39
39437.30851362117,33527.972071977565,-5.508810885181064,-29.44148626058404,356381.9059981527,0.89741719493132,-0.8616011211798119,5.641127860530475e+40
12855.867305225522,10924.027429167114,-153.38782994514534,-116.30201703935084,171473.72081942143,-1.9699885438976152,-0.464220039222007,-7.5118388193754e+38
34532.54705242007,28621.43452049836,-130.22366121501236,-112.55368708003232,271443.1642453219,-0.2370258469409689,-0.1777910112738275,7.482406807739722e+39
27195.96420618456,23467.44111568859,-122.2994418984152,-93.7973058027634,156682.8006012731,-0.5733338509671676,0.8040963921654486,-1.2108999364490502e+40
41886.18440846176,34283.87927658552,-228.62819182630065,-186.52463148622127,400303.185553187,0.2050800795441348,0.5110255804078663,7.679291269467537e+40
48022.106079646524,42220.95692163284,-34.74116172876987,-29.63530666412732,873841.5932425499,0.3700496832654426,1.825576142928496,2.331160701470897e+41
18415.19737732792,16287.294478711445,-253.80985162660085,-227.7382185179183,353589.29797491303,-0.0772593653323514,0.6743380738464718,-2.3370322861005457e+39
4489.973728890687,4327.775555679786,-100.6773880506234,-103.3727253705014,157334.47520037077,-0.1236472981789879,0.4242949245623606,6.465899129094886e+39
37502.31655814526,30487.65538447688,-229.9801276800333,-212.1541192341782,527406.5532027397,1.065131372635445,-0.3062303654725741,2.3266767063119596e+40
1143.412123863234,337.8773666493323,-275.6209205883127,-247.409690038312,992024.3784935388,0.3014859303340381,-1.0374629818467107,2.8852631548198867e+38
11210.329657553417,10640.256305564446,-247.70644591047483,-210.13842845060825,196299.40648207188,0.0414250100519429,-0.5698934418531435,7.58529080773479e+39
2738.2733701790758,5648.525482283894,26.971862128745467,34.69980362211695,780096.2022391546,0.1478705914601392,-0.6998386627619273,3.6380563128507486e+39
44915.56671126119,39133.98567661763,-238.6008329412545,-209.32466812255885,825125.3541385595,1.8358889975302184,-2.560906817931806,1.356898867990943e+41
344.4303185424883,1122.3204989618755,-193.4346056516037,-150.4645560931862,407324.9600659918,0.172673976984106,-1.0086317825741715,-8.175661240008905e+39
24677.688877560373,21396.014928417662,-252.0233566712932,-226.6703571126887,623355.9242778796,-0.5144485049657053,1.6022097613659732,-1.0816445379525579e+40
21246.03642777629,17381.13320704171,-25.428481220783056,-35.83956273302349,438049.7162436767,-1.908999088611059,0.3686002129589932,-6.799198007865391e+39
32665.013654243125,28561.40087266692,-126.82101130517924,-132.60518625143143,269703.6671745721,-1.4339373740349537,-0.3765238553450964,5.542920876936385e+39
14544.024901376952,11481.455296492864,66.17035857195185,65.76471744827657,431857.6120716367,-0.467025895079761,0.3984798221400208,1.240279061801187e+40
43694.87439143536,36172.175100608176,-45.69922587613215,-44.76330631773166,104337.23526377084,-0.1083768439541476,-1.9534045257293744,9.628375409460277e+40
36738.53941974315,30208.935046430888,-84.78034773405973,-87.63081220985933,709886.5525242838,-0.5556214596102388,0.282097716462424,2.2248480530324454e+40
21660.137745532265,19191.6952009037,-57.43763242081454,-52.039395859340665,830901.1013130111,0.3511439770458093,1.2774922631474832,-9.997832557114172e+39
17952.670375666065,15213.838575374151,-299.423002260421,-260.77430942506413,314325.93403677794,-0.5685080445083084,-0.1211159470893803,-8.31236044597948e+38
40809.14131507942,34768.45659774101,65.06660144536144,45.543661886287566,570812.0561361826,-0.91448927013543,-1.7719895262485683,8.743656378390804e+40
37872.45010290568,32179.25943782928,55.3557243165459,60.088861597248666,239827.0467190421,0.6126438353574128,-0.413940534776697,3.995423621968304e+40
19998.08289656045,16097.7972291178,-197.8086676202127,-177.0310158927798,136185.8456710836,1.3693944968780132,1.27926199498312,-9.707445823544772e+38
17121.28338149755,14016.506149458994,-76.66267960406448,-51.903822992751934,666982.3794610382,-1.1071675977465478,0.258629656897669,-1.4887799647341238e+39
2021.288443954104,1221.754212358226,-230.869719693894,-197.91405009043984,142766.52054283326,0.2437158637078118,-1.4183100947935663,-3.4602002975328174e+39
4158.825692372069,2410.78468073597,-105.0734809736604,-88.00888281325284,784159.2785141057,-1.905004658153818,2.367629179183871,-4.6614037526239496e+39
2771.6093012673955,1952.499829837005,-12.11609371834174,-22.364807102909253,279037.00326341484,-1.4745381307271594,-1.253808516245133,-6.437805668035642e+39
1298.8210784934986,238.9527516024829,52.09620002537463,34.269354818800835,820328.259072634,-0.5887658279771728,-0.2429245816132146,-9.13247778428842e+39
7711.389316467783,7016.82142209121,-171.05631971319036,-124.33188678806778,374819.52864652267,1.1349104323771937,-1.0373860006522035,7.745823647315197e+39
42868.519538614295,36967.01845899561,-27.93722685499477,-19.287775068619457,375154.16671655496,-0.7787060297054746,-1.036002014913601,1.170659684218081e+41
39924.11279293279,32900.58457588096,-23.775300657583653,-12.869670030177438,753067.0330657593,-0.8161004747655494,-0.4521511157351564,4.984013354865916e+40
42291.0464835836,35710.084099647655,-229.3831102494117,-201.511245913624,515163.11688911647,0.0360872818944497,0.6361501598460775,9.373246237712426e+40
31220.11404235956,28021.944841058987,-57.3617308105949,-55.90817152831678,208967.6521457752,0.0370836111498507,1.2905314452196015,-1.2094904681341332e+39
31233.230013934248,25763.63519370148,-51.356715107488746,-55.17930534215009,851904.4625729007,-0.7851314727546698,-0.3861681720324597,-6.221220513752881e+39
6266.672787926591,5667.982123973655,-11.961843257487809,-23.182129572738027,346751.67714340193,1.9862215672632384,-1.0101435541849244,4.535223954287027e+39
34972.350453827945,29810.915432956062,77.79846707831588,64.29432178227532,111748.99323001748,-0.2653633731153731,0.4786393166598081,2.0916120596209238e+40
14058.91843065401,12824.390712328634,-283.15574493210033,-243.05109828681557,421841.0344736488,0.1135849824180798,0.5079635789291874,4.5453872821030887e+39
26001.12622292716,22337.33076257401,-229.0637878179916,-192.76837047165503,578222.1455379821,-0.4017795377104419,0.2403763355534504,-1.0550499464225209e+40
47739.7523817388,40233.75314213898,-246.61915959453512,-230.3447974771244,613786.4805997065,0.4399715621511794,0.2757398129067326,1.919492028488916e+41
43541.12048437589,37063.36370889781,-232.15241519383977,-220.60969586805172,837251.766850782,1.234957559704117,-0.1125664463436816,1.110087857676189e+41
11721.019884205944,10027.96285673804,-133.9252525603015,-107.97337393704169,545992.7555555399,1.6636636969545726,0.0981508545558813,8.419758876392795e+39
36853.59873575865,31252.20277956859,23.84771459028958,23.168422607847937,231473.3782366766,-0.7622656752638802,-0.1816511286235708,2.995528577955544e+40
5276.210237963817,3429.48953801003,-130.8762630753794,-116.54848141482242,269049.667428549,1.1007951763012125,1.0702437270371223,5.362907086759184e+38
1414.9848883421073,2197.208041169105,-56.35894127264256,-38.56449418608449,109832.18241145863,0.549680819551018,2.228459500705877,3.318212325632265e+39
1486.4597971104606,2116.6376978353514,-171.4655890952119,-138.00568619277817,738565.0463438991,0.9745366094600776,0.1796531517071924,3.59937547766417e+38
8578.704492163177,6456.547596842815,-181.923004228997,-158.70908585425576,114882.13103476036,-0.0918792726927976,-0.0065722479713609,1.2013702219556478e+40
34771.82423252214,29315.47009189682,26.92987494188938,7.269838141015091,609754.5059520475,-0.1870407732821805,0.255861365690068,1.82195962163599e+40
18216.23020142429,15303.727135727277,-52.511873942252535,-52.4924829329018,600977.9201061471,0.9357146457139937,-0.6579218009832918,2.630764917503971e+37
875.8465532172539,-180.74547016500003,-165.9329643492157,-161.96192150952749,787648.5214056042,0.9546925060562872,0.7649783711048204,-1.7881856031714915e+40
49402.089758331946,40498.33928037234,28.51139188621931,25.383954941262765,83883.40268856689,1.5657205638618863,0.4411764090811286,2.0349656234895366e+41
26706.2498893411,22163.838284410067,-108.05762444600272,-101.55385296387956,210882.23007605964,0.1985475554504893,-0.4204702080426906,-1.2357714657560233e+40
19742.50033835697,16496.00341540247,-228.0852186303906,-197.7863348229101,910466.7532529072,-0.1069146276347569,0.9020668190424784,-5.5793555066415616e+38
25980.986760837663,20930.852080020795,-122.66145461153135,-119.41074633003434,576514.4611673921,-2.459853579994204,0.0189897683453872,-1.5964439836439584e+40
26036.94782013881,22272.98785838637,-43.52320868992718,-37.73751877378898,463113.3109789777,-1.6112605379953344,-0.9700566384743754,-1.324478202295187e+40
23554.209928482247,20951.36348186298,-159.87046832390698,-137.26198500121964,750199.5028076589,-0.3942516051833931,0.35160444542296,-1.0412922913379925e+40
30678.40931089134,26750.340831189853,10.47472688523524,-1.3117704073246053,903505.1465782668,-1.1010589312462151,0.2369925033993263,-1.6434573568188335e+39
44290.48086382586,37545.56021172501,-95.8167455166546,-91.33022879916668,270379.54058005346,0.8141305654332462,0.9604181461106248,1.2501328457958943e+41
15141.54750848816,11397.98602499798,-113.60782980455453,-94.40431986171085,902460.87252323,-1.3100209615789538,0.8315469500748488,2.22720983672048e+39
24389.473652470435,21303.61447712711,22.769386189897528,27.653036371890828,117607.67978034612,-0.5013043283502879,-0.1092263306287618,-1.0943982125466704e+40
261.90829014269326,339.7357818729358,-131.95782277529102,-131.21993373083762,977906.2172525792,-0.4620264931384886,-0.4720869364135305,-1.1726703973697058e+40
43001.928923404674,36891.12047226839,-144.7736069388052,-122.43427511823612,173203.30684861407,1.204743083399446,0.0017437500577992,1.1427761131002467e+41
15350.722134542764,14596.996054603362,-253.9582970034231,-242.193050249828,273574.004916271,-0.6082387490196441,0.3633088796686561,2.7319560377126927e+39
13623.141164552177,10919.820686244824,-172.7886205064453,-139.76719351193285,105628.00069072485,0.4524121180479882,0.4837543777650492,9.583292329052198e+39
49877.05548701485,40095.64441746498,-145.28727631688167,-141.82498581444736,805639.7418177344,0.1957061275227168,0.3014122081361178,2.0290221557271566e+41
29252.895502159783,24022.19751458801,-237.14887900130668,-209.08261144394825,984389.7414212622,0.9032884854472796,-0.0907619434717691,-7.786484335780105e+39
6222.318847358234,5677.807074868755,-75.86632510138472,-75.39797446280984,304006.7434840704,0.8502150521164803,0.9968170200232238,7.432783954215775e+39
13335.006497087064,11356.296243922436,-250.14234753233308,-221.03335037138663,332355.8407977759,-0.0334401128695442,-0.6743018940932767,8.336675004533293e+39
17713.071286254264,14083.601689637178,-219.9813955483817,-199.57353565606644,286190.1043462025,-1.6962945126071802,2.4794034521548225,2.0928410397906963e+39
49304.11758970304,40772.72604470644,-75.72247006601647,-81.35188887185194,163279.81921277585,-0.2317408866456292,0.7630703801537592,2.0891121849759917e+41
21576.634161509708,18056.451824629334,-209.5969052583173,-190.24784136375123,789569.7745713056,-0.0199556445321527,-1.1274854031700103,-5.602180172612994e+39
11568.288695577028,8836.169655335028,-54.32244935111808,-47.47824494019427,70112.64160903123,0.286009233152778,0.1852293309364155,1.0577815989032575e+40
28520.96989324783,24659.331143864278,-25.135440468603424,-33.3345800939371,968096.38916954,-0.7375551452208102,0.7726835180321313,-1.142891064057614e+40
20285.60213020596,16913.62029977405,-180.6280493789036,-183.6663240526591,928042.3692639578,1.140901118408613,-0.3493691055197098,-1.160694098555701e+39
2823.622576042172,1898.3848821704769,-277.61623254655336,-230.34154415279664,127254.69443140394,0.0136194183149926,-1.4951440475767068,7.860991357151066e+38
43057.10705371993,35991.919873323524,-125.2398508839921,-105.25136572794692,534228.6126983776,-0.9204973478121256,-1.0390639415988954,9.88206697883101e+40
863.1213619825314,944.1513389496272,-270.8974002184643,-236.77833352240472,992922.8450578935,-0.4582278387416802,0.5420929443455513,1.406449922447551e+39
44932.303096414194,38226.54501096009,-103.97764909181883,-87.0712044252882,854093.0565579421,1.9285426539668304,-1.7546164725683715,1.2825816674609617e+41
39609.58648380197,33829.71432712175,-23.682114122540643,-19.65826768412792,717982.3886989738,0.6643778929464983,-1.4493445718460225,5.781270772473767e+40
3865.0946503091623,3429.4340078074374,-75.68891125843386,-47.3117733570237,32236.335986492915,1.048456555564404,0.5368347469339261,2.7520011123854324e+39
36202.66500442765,30714.50882448614,-137.5368912894331,-120.43230368172574,77693.670914559,-1.041586969713414,-0.2225492168468295,2.2964386189445193e+40
38565.4087723948,31954.092989769106,51.04267120943278,62.12537185701605,796076.9274582654,-0.6888296921838009,-0.6957803896047969,3.7492674213849622e+40
30147.16910555993,25040.78963834093,-262.9855203598587,-234.1563451273724,382680.40564905904,-0.6814223058812449,-0.4947321473225333,-5.573167653991443e+39
28917.326343793677,24263.98746811347,48.51813327103861,34.452846896505925,671747.5586844572,0.1843937375886219,-1.4708138128443196,-5.620801626693723e+39
2560.376350298865,3828.476088224693,-5.016782666612849,6.240134200516301,741789.8107727264,-0.1740018310855592,0.4844534304549453,6.28018976971488e+39
3050.058881393305,1513.4809928508605,-149.15447928727335,-114.79763170687308,427962.3357498382,-0.4894944112570207,-0.8065435550174455,8.679400757766898e+38
36386.249399797984,30593.13078717477,-251.2813313826807,-210.780464383784,151947.93319377172,-0.364069592503454,-0.5357521845838709,2.7557581626133755e+40
5349.813731631978,4625.955319975572,-235.99799840611377,-221.4035742815449,392827.5580484197,-0.7940351866750697,0.3467851365871779,1.0009437236106869e+40
12152.85750726736,10087.26267855926,48.11184478993653,37.18564936470114,872337.9578954185,-0.1798392869014101,-0.2566275354542164,1.1334775494599725e+40
24981.92276366207,22093.80998226295,-218.82944928817736,-190.99121468848423,337774.921241659,1.1132155838337474,-0.7046533096343361,-1.2081411188530443e+40
8275.050586745065,6786.994654331012,27.51337294917258,19.77314944666684,72022.94816862734,-1.513139351549754,-1.9894384247239287,3.231139539791774e+39
39508.79086265728,33394.83911393819,-116.0864892740124,-109.3008881929792,959540.103012934,0.3464794336352301,0.3674258458678147,5.399828046568508e+40
40384.3109470521,34978.36711588734,-123.09717706754148,-134.19840127833032,683870.1398841297,1.3800926948796235,0.0789929676084017,7.368057870872939e+40
42119.789106143726,37250.39007055687,-44.349727998945085,-74.7348943462713,545448.1844181903,-0.1831870985655671,-0.5173874576833732,1.1821429917946303e+41
2554.4405890732714,3297.2731998709432,-214.30831142082005,-176.98964038860692,830816.2732144255,-0.5288760291458959,-1.0373991054668463,8.139229419506308e+39
21439.42820878253,18114.19087017784,-138.8197933262946,-130.8332991811899,417049.0713161249,0.9242314859505888,0.0127624786535247,-6.572562580234546e+39
42358.13022189964,35964.799319228776,49.42731396835983,68.30700907964855,985264.6360704894,-0.9842218768688435,0.4804717605257684,9.308874948273061e+40
18211.91196411041,15517.500565321212,-220.68608150111132,-184.91344674987351,858997.3387038455,-0.0226915299387308,0.0977588813243039,1.2646599807790146e+39
34815.35328588528,29710.649819772552,54.22810310777047,43.02514651453051,287739.29423943086,-1.039844100385727,1.6380655204921528,1.761108733103497e+40
29495.15553716528,24393.00371511223,81.2460987452001,53.22408761823024,377337.5073058635,-1.87010097002428,0.7047745026050286,7.946252051412475e+39
17412.654146022356,15550.031063203354,-284.1078908809887,-252.29448566095556,282985.5345564612,-0.1519842647947952,-0.1072830896740414,-1.0914649291103648e+39
13878.129068193954,11961.697010143089,-89.4320197969206,-70.3029848247331,662747.4344197563,-1.2633950632669837,0.7382787560965639,3.7052554200500624e+39
32664.935157602384,27729.30993290977,-234.88344920470504,-195.97070680403976,642938.6117567306,-0.0116705133291685,0.0486622783910785,3.932450754628496e+39
6750.516919184618,4721.023080059667,-58.79392536521489,-55.75042359656258,527280.8147775899,1.1150296243807063,0.045192754522654,7.553601364768019e+39
43017.31615286091,36614.547696724265,76.41669515148709,55.15572356265055,966181.9708271028,1.8542554066796235,1.2963637973110222,1.1482059503737766e+41
28856.05657874872,23013.07824935976,37.6038914290607,25.5472271687821,477552.5352959128,0.0935292839432084,-0.8980578781405189,-8.286522086118984e+39
5646.254975881891,4333.997254273821,41.95364159674174,36.10752820455687,785885.1702545997,1.0192158319755993,0.0233096480549584,6.249735138529673e+39
35200.100048052715,29469.606875661448,-220.5180633069278,-184.6368442375968,661514.1660049031,0.3989626501066333,1.1897100026496046,1.9981842942894537e+40
21601.13849013036,18590.5638710809,-88.26678626868527,-69.18566809677205,523003.0907432216,-0.3831136138750589,0.3089905581748908,-9.274308821597983e+39
10267.74425492973,10231.462636646507,-215.2989566979041,-188.15155987276196,51674.15613928433,-1.9247763539308944,-0.3690529853687782,2.0817966137713445e+39
48056.57910280932,41305.61820992026,43.50047062917759,32.95348116268541,660920.0735819302,1.626492327082119,-1.7061597653741696,2.1833349323846864e+41
36004.81742792013,31762.8164718406,-236.40567767412685,-189.4823065895315,646169.133433463,-1.0491021892811228,-2.270346942193709,4.3335399146751405e+40
29682.24167653357,25746.075163536392,-235.5630644202796,-227.4089134070398,133625.25464662263,1.3827709114177693,2.076181189760748,-5.13470885737233e+39
42455.44967848333,36987.17501846093,-292.8989945201812,-265.3440394148871,797955.8256070592,0.536807629262251,0.3085118212508116,1.08196713485616e+41
27229.97991091706,24631.184806633984,-240.840594957949,-203.47167800307,472324.1426105917,-0.976012785247359,-0.5840731390862621,-7.596172722158057e+39
22118.21296765856,18215.01155666797,-230.06176007715948,-214.07068557185195,330904.55426076066,0.3119983618189531,0.3494568891298408,-6.114116394115754e+39
9537.18724424656,7468.925610304373,-263.25718184077186,-249.9969804177,825719.7919875062,2.1329110612853297,-0.94767413830335,1.981658957363041e+40
7737.25002189948,7111.711238996415,17.9338767649483,18.068147589280656,349937.2499028455,1.535652580863771,-0.331201277396266,6.402577007088268e+39
21643.90827328266,18394.379269040463,-13.72843022186461,9.522523078302235,625632.2833709881,-0.5127130561344487,-0.9409403929929648,-1.0276456954664606e+40
22842.25098505359,19592.19640354112,-204.3619696410289,-164.28172183189238,621735.6534419273,-0.7119807581846821,-1.4132735845645044,-9.134322821723066e+39
36686.9602611179,30984.982708264324,13.138057695092147,-2.3878040311632573,62277.92274753429,0.1002080373160719,-2.104984945837922,2.516175602797596e+40
22148.883701040868,18349.544172264963,-145.80242598312623,-129.0618070501571,428605.2942689688,-0.1655137289698365,-1.5976573922288342,-7.922753543496304e+39
29690.50729222566,26533.54293341183,-2.8911310697023165,-12.166401509680616,230550.96243263688,1.19973738564273,1.02128776393746,-3.099049242368133e+39
41639.3247218862,34513.537122547335,-175.8220243454936,-160.09533371117067,207574.95528204527,0.7395891364218043,-0.9868819612100316,7.011937906793882e+40
49667.26799988624,42766.29160729655,-91.2768615897068,-83.40684966319212,658412.2697409377,-1.6922416015284223,0.5348921118028795,2.6596632290885087e+41
16180.46373235202,14172.776801083575,-154.46214832704527,-141.14639605074404,21295.895332896165,0.4586752554239115,0.9566473898452136,5.0082339508420605e+39
45105.56682932017,37076.52116686595,-232.6412184618883,-202.0203588185765,969388.1884323516,-0.1790909608673681,0.0165796852074577,1.2482652082232619e+41
40318.05952293166,33605.72633049703,-81.49320816817583,-74.82082229042304,401437.09594477294,0.0371081360280665,-0.2985672123210707,5.734242810324767e+40
3474.89398075209,2423.5074348793823,-29.47613283055736,-16.463242473676036,305815.49316045607,0.2489430142606589,0.1330229205276637,4.716922859525443e+38
16761.213828226253,14698.699044645587,-15.520996782342309,-15.64750106379361,920774.6559380828,1.1987290052766018,-0.4166203665241139,1.0750651636048582e+39
11014.624554932418,9068.802786948114,-158.12985182234553,-151.96597423505474,491805.4206857765,0.9777929635460209,1.2039092620566303,8.902220093434351e+39
33246.06287935606,28190.681602164008,-103.46754534435952,-97.94873515849942,618181.998970425,-0.7497427406872955,1.8765338741444928,2.6042119920942395e+39
27800.532879987,22464.335062401165,-2.567627648257909,-2.5405547319855533,698892.2411505919,-0.0586119676896694,1.4498118303709555,-7.626913684760118e+39
24782.96454527052,22926.249236852196,-274.7572897029005,-269.167278633179,872697.1607496188,-0.4485213928572117,-2.151563234773568,-7.330607582034886e+39
38197.10308927427,32524.49412087473,-273.30254046291657,-229.80079042103472,138444.56991888554,-1.681845968906598,-0.4370267588601139,4.852519630687084e+40
16718.77009493421,14610.155298531634,-162.8112087146093,-140.65372922946932,90836.6473011034,-0.1093705076010903,0.0041591387811561,1.3215396669057477e+39
19186.99459401902,15876.445014063987,-219.41784453394175,-187.87478557008035,993773.6764913916,1.844754427559096,0.4630579604225432,3.185361315188336e+39
43292.44669541443,36276.477829447984,-170.14788840151368,-135.2946463175263,18794.96360980979,-1.712043393749747,-1.727314537702048,1.130086721641493e+41
48612.64878225953,42850.89918888342,-266.6979669338489,-245.18579383206176,711112.8060788757,-0.0240617936600672,-1.7434436603689656,2.67806154675685e+41
38835.75845113018,31477.01739785535,-75.05297433622809,-77.74245352605962,614954.7083390348,-0.0561381454096752,1.3067897496253924,3.9785528577913866e+40
10916.183060879135,9501.673256491886,-32.35871995174017,-51.7965727072589,557025.5114920753,0.2877354717643198,-0.5591193186097794,1.1378590362084885e+40
5703.569477619259,3878.830943090056,3.542274570127576,-3.086539512778978,787969.6795882925,-0.9627249573939304,-1.487406338453232,6.469028933876874e+39
10523.520976468835,8620.991906480907,-61.02116124863026,-41.70004955126351,992548.218159104,-1.4251105907999535,-1.1036408077229607,4.200655021894643e+39
21184.247341942988,17496.13466651232,-161.6827788918538,-140.98866967114125,56416.96327898812,-1.378597656794626,0.3904746433122149,-1.009019926641557e+40
11895.9156251621,9322.746134652389,51.75045228351358,54.14189848481819,618385.1877167484,1.3309337583314786,-0.8225476864634965,1.09716176259142e+40
45059.974111754826,38329.33137875666,-18.952382366797583,-46.58106033588961,719609.8918536601,-0.982685974361857,0.24162564218405,1.4742890699794482e+41
33562.48725623061,26473.690849951166,-102.30141977103396,-94.33851218948344,312879.9131112884,-0.4995621916531729,-0.9787273627465036,-6.465758591332913e+39
20883.123899568065,17498.264529097898,-217.4746722491014,-187.95811740811592,893932.7710717218,2.104632598612974,-1.7442001273840204,-8.132688286442957e+39
13748.681704449114,11614.147468501767,-56.13645860772797,-50.92842240266877,462422.9130352148,-0.734255656776456,1.4243801632213242,6.560669060016199e+39
19082.59737663694,15132.786533016588,-70.59363803978381,-76.98811372741942,172833.67733242724,0.342399597950926,0.3981899112889757,-1.5824388179041617e+39
23844.44572070717,21478.353839760603,-54.47932458325268,-44.09956658282262,855863.737860097,1.0638116766255068,-0.3337508612381163,-1.0204301775250115e+40
35714.01182061237,29881.343347682665,8.098618247706678,-34.54158047279805,943496.3642203974,1.015720186979243,-0.5213617216816094,2.0125133138443482e+40
4539.930586785635,3668.95360479592,36.98888838797901,31.18186067227262,108519.76918505615,-1.3315763570436807,1.464900369075235,1.782970184662616e+40
42453.74035426417,35611.90396999278,65.09325017121733,63.441466105167024,754164.0584830076,-0.7133524477014987,0.5915300455287251,9.72733480463852e+40
6447.7967540185855,5415.374344571328,-63.96735215387626,-61.43691984583448,222864.07697356748,0.3023639762519851,1.146813031635759,9.337857712800955e+39
13181.5080920641,12250.797153059324,64.2047583118286,53.972799743275175,16654.995492331484,1.9290174573832923,-0.5836926774892001,2.309544288546204e+39
49680.007596967385,44206.419100561056,42.588851574453365,16.747778269629016,268007.68465653434,-0.7615106586411955,0.0506665401795783,3.1209416516124514e+41
9575.215011489016,8735.444122726192,-296.9669363678345,-285.41897367454743,856360.7368685395,-0.493612984111077,0.4021989159965318,1.8636461679575958e+40
5129.018014294375,5230.060325727635,-55.32040141276188,-41.18204619711061,149772.03801589503,0.4195744214010045,-0.5500691093138412,5.311519336986958e+39
31949.19267178641,28529.955756200117,-224.0716709881394,-203.111765967836,139362.19416847598,0.6196582273483766,-0.0955321090036399,9.017896413549956e+39
19705.003666173143,16948.349977660342,-177.15358555390858,-182.5498492676132,741657.2291381547,0.6802540043027369,-0.5836103398832501,-1.6215137851392158e+39
4664.424878683954,5220.961845770857,-184.8903521257338,-175.0961559656849,412296.0421789917,-0.8463558648348002,0.3990591975022172,9.973254563219765e+39
266.82202318432815,860.7196256190016,-103.66760230382695,-105.93102002544389,157001.21180925597,-0.5320481369344054,-1.3213941638505806,-1.8769563671358327e+40
4031.745892963372,3542.173896468124,-295.1488043759276,-278.2646035682243,237700.37271735,0.2155011998019685,0.571970019247058,6.746225576766505e+39
26174.960092293582,22528.98890601072,-202.24943486865644,-209.82350082514787,796655.9057357484,1.2623113126282814,0.3107132017429109,-9.007101821106844e+39
11606.175820936638,8408.115877101884,-285.56252088593254,-261.685154316658,627036.1021574395,-0.2384840821184273,-0.2033085285073219,1.569373720779993e+40
38895.40254520198,33294.7875717786,-58.48249920953101,-42.95389032058287,763319.4848408335,-0.0223019000838194,0.4495171456520836,5.224203177964342e+40
42886.83096294141,35218.80830214316,37.6005779809297,38.4542074686014,106795.50659815731,-1.0259284371394095,-0.3649404637329771,8.401074019723791e+40
7310.064244347493,4913.339286406484,81.18948843654334,78.20007593024478,463523.24002121534,1.8632268318922425,-0.6701307413272868,8.596828283956433e+39
16904.03194706475,14522.730106225215,-130.70307995758805,-132.9365180335287,799135.1882735188,0.1542629471417098,0.5437261547886781,1.4208078535085194e+39
7396.980343372418,5396.170415706511,-198.3638081648298,-180.92097517965985,273134.8233597467,1.077754779556742,0.5870140051543722,8.232665822627632e+39
14391.699762810804,12227.25379734648,29.39606323881685,17.541329965490306,177497.07869226832,0.0298972080676005,-0.5072702388090342,7.156206254302433e+39
12021.08458402852,10328.669511904134,-257.4130655056684,-232.37567918770307,387966.0548790202,0.0852670652434121,-0.5930522922430583,1.0533559252753618e+40
39360.29585478435,33602.69115722041,44.71123348976139,59.31828501895775,340046.1741003929,-1.5003088908520608,-0.1829734837604565,5.6093436730091185e+40
17326.345526462184,14004.096571859176,-16.365280904572565,-33.41677971094274,193618.0510933816,-2.150761869692567,-0.5520056528140176,-4.0458738071028076e+39
24818.594753309284,21814.751446297847,-111.89342793288009,-128.73933138416177,954405.476102696,1.251905211835959,1.5251191098822687,-1.5085894432100668e+40
33720.84366521124,28591.328926256687,-270.05233865809817,-225.5011969965891,488267.42050988576,0.07805821426242,0.3164757141942066,8.954946274955263e+39
41127.05192567716,35310.85468096251,-302.1148186669289,-260.5098410167849,611995.5925488253,0.2064281229866182,0.0146002335472149,8.245346080860265e+40
15116.357788896794,11891.752429404678,-96.85839657049615,-99.59304429200938,129895.83966209913,-1.2490537522004106,-0.932724973689029,1.2146282123980947e+38
10524.295731784636,8802.989326580151,-148.06649083820778,-124.47674083897716,613934.7372501977,-0.9030641777936236,0.7389894470366405,1.0615554057508798e+40
48924.39241789291,42463.56914182506,12.631103157772358,12.2014129119502,559769.4662763791,1.0623020011349846,-0.6116048999444152,2.550556796802326e+41
16061.765428803048,14428.642719929552,-62.66553883463746,-55.67739897247009,932610.0344953022,1.740143770841437,-0.65274731108104,2.736587571024532e+39
33579.7195111093,27904.92743810339,-132.50523843214867,-130.75300893705486,418193.63306132326,-0.6212740137725519,0.7726146630765858,3.4167089540222334e+39
33917.82475063599,28393.70448558072,-198.3264237537239,-187.7430934270512,784241.4794714549,0.6714832883630556,0.3873227209918976,8.215752152635884e+39
25740.349924329086,21088.34805162867,-111.83583228494248,-114.55860027731752,311139.1686775008,0.190024932681605,-2.503447609135557,-1.4212104195388094e+40
11484.096478589085,9236.351672192017,-229.40737714079623,-225.51769321785557,583150.9527646018,-0.1205289400777256,-0.1577707637643091,1.4428340785391602e+40
7141.554454032478,4951.067253362384,-50.88849383670984,-31.76484412056238,927700.693271756,1.8519590201783196,0.12551962054762,7.085318074168778e+39
24391.845954128403,20622.52836308236,-70.19708768353809,-65.71978364481569,628820.5976513074,-0.453201646022752,-0.3395961557811601,-1.0970501510212513e+40
25585.602472631937,22254.272820283422,9.618836385546972,4.111415536612131,714047.0969288433,1.2407126370174857,0.1603636656898048,-8.435265037450669e+39
38686.46849819789,32255.455932427347,-135.35439824156174,-110.14550038041098,877224.6799505645,0.3814233170420487,-1.8096880029090108,3.230869045447442e+40
35514.8855220935,30115.16766765053,-198.076695079987,-181.8796360724964,926170.1196757116,-0.0168893223648189,-2.831020599340725,9.410200047797076e+39
45609.10063948647,38591.33681745841,22.993861457780163,9.86016948553514,216192.12645103643,1.3720171730330784,-0.9754682383702707,1.479971140082757e+41
48545.35924943057,42107.65034729456,-30.080761167362702,-31.865640190118867,203879.65131289337,0.2901344984230279,0.28224712176715,2.4000511963716337e+41
36414.338203881074,30462.91400385537,-32.324653829443655,-44.9913184116468,554971.3656396979,-0.0964275299122807,-3.2249562285208904,1.7375598838291458e+40
3899.4415416062498,2854.352424244631,-109.94528945463117,-88.13463833987907,995561.2125432976,1.379442172982033,-0.8435460672395073,6.833043950101652e+39
20303.50599611776,16581.16319406621,28.75518056149676,20.45081019270055,495250.8000776722,1.2492622537718918,-1.9227609691993868,-2.978389800800542e+39
30471.41430244689,24990.694541017067,-225.42848325180643,-183.953324833632,337595.91347239295,1.2019633211538756,-0.2426241725313477,-7.605898504425055e+39
29542.53796678188,25534.505264922173,-147.5587951379182,-127.87773970643732,541888.6621837576,-3.887804341619664,1.9578992579558496,-3.879385122145849e+40
9137.67378866346,7658.934083299558,3.019136979474686,5.0238044501233015,73751.81637454484,0.4401766257384106,-0.2171759946641017,1.065750576651372e+40
29180.6008941875,24847.35864791802,-251.90646242414076,-240.83628763580023,185434.7026068149,0.2121171930699697,-0.1075028453308679,-6.030569549229776e+39
17536.05095344169,15925.356235381752,7.399078139194805,3.8848955723780536,157431.21317304485,-0.0348632540854858,0.8392309407882321,-4.6330809139926904e+38
16999.2280945983,15515.008461150852,-163.38379665107166,-161.8197715115109,37636.38962034135,0.6097796339726784,0.0213065578105735,1.2755712801525549e+38
41713.62970463771,34139.59780267421,-250.5047054232643,-227.67228061963945,724990.1800148311,0.2605568725045278,-0.2149917701893393,6.91965634503397e+40
21142.903280717543,18489.735527086366,-279.69373680605884,-266.22614178981246,332219.8004032053,0.6778074173271814,0.926645924145004,-7.109483289289386e+39
26407.60602689748,22626.982663431805,16.638741084809972,1.390047436267949,176850.9481296689,-0.2679618077549927,0.4718871505118056,-9.036782552297828e+39
28178.61322284118,23582.548440098253,-2.404579927379596,6.77534471024311,517121.3328203672,1.4981806301764926,0.2886257615664526,-9.625572611603721e+39
28184.79925019268,24219.226312286133,-178.4906772723148,-168.31780253842092,330209.9619123441,0.778944191772826,-0.1387801525674654,-8.935670452010368e+39
10719.025968065936,7730.065484679417,-258.1904984701428,-233.9517416962065,399087.5930900983,0.5425265905148402,-0.3460647047270636,1.4157626674016004e+40
30004.711888398437,26674.118979359788,-202.1386653541577,-194.97828148883056,322376.498891193,0.4937052337068637,0.9171708852316622,-4.6898812791644866e+39
16784.41055849045,14678.704252374408,-212.4654584124,-208.38414551288244,13943.67921524383,1.1572813074935635,-0.3364626198791729,2.1354193899611062e+39
32778.61310624079,27169.662944438543,-24.47798524732957,-18.61290974342893,691445.5757747358,1.0216877869354897,1.231252879356013,3.658509221666497e+39
7353.224140369097,5781.912341858113,-209.3298921331865,-200.1017617977001,119583.57394671909,-0.1127720535462877,-1.0471463662892824,1.0290098801094703e+40
49706.25048411278,40887.79573105792,-208.6973681203905,-181.0168110614812,226950.97309233976,0.990310380823296,1.433783954505778,2.2919778298075076e+41
38620.40110935351,32576.17514308148,-276.7595680429432,-260.87001852399294,198413.8731281932,0.1740522400420445,0.472040083088418,4.63627056992841e+40
20909.19155953663,17386.62724381367,-70.71958046711791,-66.3611291146566,338053.6225437204,1.9169267915003283,-0.9685349230520062,-5.705636639218165e+39
15123.484395145006,11794.873426174248,-20.68463276193118,-49.49419236382603,168595.70270139255,1.0977278110469657,0.5089786345523063,6.660776423550414e+39
19439.077578106862,17144.577728358658,-57.90286763973901,-51.28953471563325,353482.6029460745,-0.6256093185616934,-0.6503028983172799,-6.400104796155736e+39
